#{"t_start": 1716882182.5317793, "env_id": "Sprites-v0"}
r,l,t
20.801993,40,0.945627
28.767222,40,8.495959
25.883139,40,9.566932
28.858866,40,10.63259
22.763224,40,11.702089
31.697147,40,12.780512
25.522006,40,13.833567
28.98256,40,14.900092
31.295671,40,15.955684
20.654058,40,17.03042
30.608238,40,18.124916
27.439142,40,19.220452
30.337282,40,20.297053
29.556187,40,21.382084
28.708292,40,22.392124
30.113079,40,23.460767
27.672447,40,24.575015
28.999815,40,25.654668
27.446663,40,26.686174
28.645063,40,27.854769
28.247056,40,28.962841
28.125001,40,30.049366
28.192524,40,31.137539
27.405828,40,32.220512
24.969856,40,33.295768
24.148682,40,34.392739
32.805284,40,35.471855
27.003571,40,36.571949
28.890718,40,37.691173
21.266883,40,38.776039
28.592856,40,39.859
24.660626,40,40.889532
28.430666,40,41.91825
28.01679,40,42.983665
30.575745,40,44.05351
24.318151,40,45.13062
29.549003,40,46.192242
20.507495,40,47.264201
29.106334,40,48.332264
29.858964,40,49.405017
28.444823,40,50.474239
22.982016,40,51.538554
19.564143,40,52.554015
33.265046,40,53.617833
28.911458,40,54.623154
29.512095,40,55.68565
26.793817,40,56.748009
24.205647,40,57.786753
28.043327,40,58.850156
31.230858,40,59.936429
26.75645,40,61.094223
28.959787,40,62.244035
21.92459,40,63.361821
24.541054,40,64.569551
28.797702,40,65.659387
29.825258,40,66.731723
28.012917,40,67.805766
27.459932,40,68.911113
29.749432,40,69.987305
20.252349,40,71.08738
26.357932,40,72.1672
33.988838,40,73.259818
33.011562,40,74.320044
27.148449,40,75.385615
33.538417,40,76.453845
18.043245,40,77.532562
28.496992,40,78.618019
27.318339,40,79.777181
29.257829,40,80.906479
28.955582,40,82.040975
18.873451,40,83.17944
26.457748,40,84.296525
32.706032,40,85.363405
26.689883,40,86.487792
29.284413,40,87.747091
26.572904,40,88.874714
23.988587,40,90.000395
33.565146,40,91.080374
33.514965,40,92.148851
26.852688,40,93.237447
24.668066,40,94.306661
32.881497,40,95.372457
26.631279,40,96.44686
27.179015,40,97.517975
27.733838,40,98.59119
27.127912,40,99.673091
20.250108,40,100.70851
25.99749,40,101.789834
36.349307,40,102.97863
29.308925,40,104.163738
25.462102,40,105.255553
24.306267,40,106.337735
30.25243,40,107.401694
26.490207,40,108.496774
24.294507,40,109.579605
25.909994,40,110.692477
25.159392,40,111.816083
27.551392,40,112.963902
22.694808,40,114.144179
26.365246,40,115.239439
30.169995,40,116.433179
24.843601,40,123.81186
25.229335,40,124.95559
30.813776,40,126.055888
26.392672,40,127.158815
30.317699,40,128.296202
26.242923,40,129.405917
30.072222,40,130.573217
30.696528,40,131.687799
26.296726,40,132.87863
32.168642,40,133.943122
28.793731,40,135.070373
24.39535,40,136.242294
27.015435,40,137.375678
28.201463,40,138.491374
19.912406,40,139.635364
29.762023,40,140.784805
21.233898,40,141.964127
32.665427,40,143.124969
33.949132,40,144.220259
28.207293,40,145.335818
27.548802,40,146.435876
25.600738,40,147.538644
29.503477,40,148.614655
31.845515,40,149.709677
32.996001,40,150.791129
28.057024,40,151.891988
31.302997,40,152.994383
30.478384,40,154.074058
31.098239,40,155.168843
28.428027,40,156.283251
28.333947,40,157.357572
26.553171,40,158.465921
29.339175,40,159.606964
29.535767,40,160.652367
25.097485,40,161.71812
29.732937,40,162.791243
31.070412,40,163.862843
25.432695,40,164.943028
26.655729,40,166.057996
26.920428,40,167.132117
31.105867,40,168.20349
32.823185,40,169.269953
20.852314,40,170.35064
27.422718,40,171.421741
31.803527,40,172.499151
31.628013,40,173.626504
29.507058,40,174.838815
23.542389,40,175.998904
33.442816,40,177.123951
25.352055,40,178.410878
28.704564,40,179.571363
29.167963,40,180.707983
28.342256,40,181.789699
29.235664,40,182.925645
24.350929,40,184.041821
25.447225,40,185.142025
28.256571,40,186.21413
28.493684,40,187.340443
27.362592,40,188.494971
35.709391,40,189.6023
24.22939,40,190.771401
27.145469,40,191.923802
29.002442,40,193.014219
28.120936,40,194.113177
27.761011,40,195.236494
26.553925,40,196.351051
27.337803,40,197.456326
25.812111,40,198.640823
35.608127,40,199.816571
29.52293,40,200.897344
30.915292,40,201.91379
29.797187,40,202.992873
31.239979,40,204.058241
28.834531,40,205.151675
25.007436,40,206.240075
29.673802,40,207.361747
23.455374,40,208.479493
31.608737,40,209.580528
33.127513,40,210.743722
28.368897,40,211.87201
24.24003,40,213.043155
23.18669,40,214.249667
29.240299,40,215.362628
22.859522,40,216.477142
33.470206,40,217.611585
27.408577,40,218.670264
30.55956,40,219.791043
31.66725,40,220.865897
27.623516,40,221.945712
30.460455,40,223.04885
31.28213,40,224.156002
26.583534,40,225.232083
20.818599,40,226.279421
28.741998,40,227.321381
22.165934,40,228.391965
26.980014,40,229.468162
32.642152,40,230.539495
27.901705,40,231.604386
24.399593,40,232.673642
31.263271,40,233.737548
28.046404,40,241.224127
25.68752,40,242.298856
30.198773,40,243.362247
24.8742,40,244.405173
22.970435,40,245.480372
23.164166,40,246.535233
24.081089,40,247.599633
32.95863,40,248.667915
30.729271,40,249.79051
27.287673,40,250.914585
30.289272,40,252.044982
23.841009,40,253.212738
29.954795,40,254.458887
24.766721,40,255.570809
28.221112,40,256.644907
27.13048,40,257.757184
26.776422,40,258.882698
28.454876,40,259.985523
28.004582,40,261.010913
22.540127,40,262.11203
28.590407,40,263.190526
27.375064,40,264.265504
26.346419,40,265.333219
23.781065,40,266.427321
29.501209,40,267.530945
28.124367,40,268.612242
24.391309,40,269.746625
33.074656,40,270.830836
25.359523,40,271.908915
29.309229,40,272.951411
28.119699,40,274.025129
32.6319,40,275.095472
25.818761,40,276.19373
31.594749,40,277.297585
27.618545,40,278.393891
27.091619,40,279.583433
34.462088,40,280.903586
31.591757,40,282.129018
30.095084,40,283.367179
25.181706,40,284.469527
28.822851,40,285.606358
30.685162,40,286.755947
34.308118,40,287.918971
28.102418,40,289.055481
29.411337,40,290.158784
26.1954,40,291.227662
33.338801,40,292.299219
27.487335,40,293.422438
32.980604,40,294.48477
26.667704,40,295.55015
25.829382,40,296.610517
26.835092,40,297.623186
31.154966,40,298.718232
28.049907,40,299.837628
27.816551,40,300.881561
25.476675,40,301.995736
29.146695,40,303.14623
29.154802,40,304.332224
23.256397,40,305.442931
27.791581,40,306.543172
28.922984,40,307.611733
18.23722,40,308.72588
27.306389,40,309.872441
29.276298,40,310.938968
28.860272,40,312.054772
29.986576,40,313.156773
32.642028,40,314.239845
20.91958,40,315.304624
31.234979,40,316.384019
25.455793,40,317.502005
30.627536,40,318.63128
27.12225,40,319.769969
26.881207,40,320.899946
27.450244,40,322.049195
25.725298,40,323.104761
33.038148,40,324.226007
25.362656,40,325.307194
32.297922,40,326.469055
28.575632,40,327.643425
31.630993,40,328.888257
33.412396,40,330.054167
31.92046,40,331.18208
25.743287,40,332.351768
29.355503,40,333.491766
29.424588,40,334.595078
25.247394,40,335.684201
25.592391,40,336.766991
30.123229,40,337.859366
32.271364,40,338.954508
25.735394,40,340.080968
28.174283,40,341.211911
29.706544,40,342.272718
31.185702,40,343.380119
30.659331,40,344.478354
22.659706,40,345.592193
23.517453,40,346.730845
26.182837,40,347.847935
26.883013,40,348.95113
29.179245,40,350.065278
25.131538,40,351.192851
29.591713,40,358.738214
26.396017,40,359.842635
27.999582,40,360.883266
31.451106,40,361.920115
29.658175,40,363.065949
28.489844,40,364.201134
27.718111,40,365.297324
28.264642,40,366.413231
24.592668,40,367.556223
25.768658,40,368.676898
27.739372,40,369.739329
28.69413,40,370.850017
32.311573,40,372.026154
28.721164,40,373.132062
34.778751,40,374.210942
26.943466,40,375.308773
31.493927,40,376.38388
25.917167,40,377.500788
27.931505,40,378.624569
31.627789,40,379.760986
27.207206,40,380.900107
28.869212,40,381.991143
26.865441,40,383.101551
27.092346,40,384.171796
28.327102,40,385.249287
24.318764,40,386.326696
32.258908,40,387.440177
25.745436,40,388.535325
29.31181,40,389.724688
28.889213,40,390.857379
26.942461,40,391.981175
27.835101,40,393.153063
32.403984,40,394.201994
29.06854,40,395.368761
31.654829,40,396.514971
34.413825,40,397.653626
25.973146,40,398.752418
29.872343,40,399.8468
26.069136,40,400.886018
30.456459,40,401.952764
26.656102,40,403.009659
25.080352,40,404.061051
30.737948,40,405.137637
27.431975,40,406.215736
27.030326,40,407.297434
26.475857,40,408.392159
32.475306,40,409.515813
23.570906,40,410.662732
17.124917,40,411.7917
31.422981,40,412.926141
28.416248,40,414.066515
25.710755,40,415.17625
27.74662,40,416.268015
32.117879,40,417.372029
31.61494,40,418.465112
28.233929,40,419.561598
33.100533,40,420.634244
19.584345,40,421.739579
32.156866,40,422.857206
30.564719,40,423.979397
28.308558,40,425.071979
26.068157,40,426.248261
23.822068,40,427.348431
28.975733,40,428.46744
27.818843,40,429.586936
31.011103,40,430.702493
28.783122,40,431.797935
32.720328,40,432.889728
32.188882,40,434.001031
27.876889,40,435.081475
27.933006,40,436.123614
28.627756,40,437.169667
25.402983,40,438.327781
29.948445,40,439.444464
26.280831,40,440.567544
33.529695,40,441.666923
33.483813,40,442.79682
27.498799,40,443.907533
25.48645,40,444.955196
31.733717,40,446.015323
26.234316,40,447.084346
28.841299,40,448.18517
22.177666,40,449.264241
32.287016,40,450.355304
27.342272,40,451.416355
25.664234,40,452.524397
30.932471,40,453.69612
23.418017,40,454.797333
25.954184,40,455.910374
28.794525,40,457.100841
24.998612,40,458.30199
22.786371,40,459.454028
20.88567,40,460.520451
19.50971,40,461.622438
32.295622,40,462.688864
30.163067,40,463.790703
32.291192,40,464.907238
26.484772,40,466.023929
27.973512,40,467.123942
21.855734,40,468.195947
31.316462,40,475.64291
27.637938,40,476.696573
31.123732,40,477.795963
25.199531,40,478.939013
31.920621,40,480.132859
25.230357,40,481.198107
25.86324,40,482.28221
26.387693,40,483.349432
28.742143,40,484.445586
28.179593,40,485.521722
22.58436,40,486.563975
26.414033,40,487.630182
26.066835,40,488.726193
26.242437,40,489.831593
25.011735,40,490.933316
25.879094,40,492.00811
26.170032,40,493.063156
34.854868,40,494.150851
24.291329,40,495.237105
25.050227,40,496.325289
22.649206,40,497.385648
23.067727,40,498.459576
31.654573,40,499.528541
26.75093,40,500.605695
25.040472,40,501.714332
26.716928,40,502.849635
27.483235,40,503.879143
27.999626,40,504.884731
25.483211,40,505.895374
23.573624,40,506.986752
26.030294,40,508.165201
27.964735,40,509.301767
21.812457,40,510.411586
30.35293,40,511.521336
20.3647,40,512.625185
26.388269,40,513.767912
22.257635,40,514.896913
27.419461,40,516.000049
26.410871,40,517.095187
25.789432,40,518.197483
27.466061,40,519.304498
28.512383,40,520.428722
31.309216,40,521.531363
33.622792,40,522.60444
31.699291,40,523.679272
26.277279,40,524.766241
27.344775,40,525.950003
32.032888,40,527.133024
20.312399,40,528.30475
29.240285,40,529.478882
31.665271,40,530.626737
29.198023,40,531.745814
26.248714,40,532.882237
25.629485,40,534.027354
26.925156,40,535.137589
30.115733,40,536.247421
33.065647,40,537.34925
27.066935,40,538.590127
35.930764,40,539.719713
23.308042,40,540.811838
28.16956,40,541.940212
32.486126,40,543.044291
28.129757,40,544.171956
23.378722,40,545.229827
28.474471,40,546.42306
25.179359,40,547.697194
25.175686,40,548.940205
28.699471,40,550.183016
32.178517,40,551.340154
27.370272,40,552.428594
27.104747,40,553.532989
25.676522,40,554.723917
29.894014,40,555.85113
24.542987,40,556.955221
23.361954,40,558.131524
28.749228,40,559.283507
22.931802,40,560.388888
24.024009,40,561.476134
32.024132,40,562.537618
24.929096,40,563.607553
31.018353,40,564.691277
19.665997,40,565.768022
28.349952,40,566.835863
28.023066,40,567.904722
32.953207,40,568.965945
30.684964,40,570.05746
26.207937,40,571.131237
27.044542,40,572.196362
27.523281,40,573.266793
33.700903,40,574.335225
26.302236,40,575.408226
32.914995,40,576.491933
27.068525,40,577.547021
32.21191,40,578.618789
26.350501,40,579.737382
19.831331,40,580.812573
23.04166,40,581.883856
32.031768,40,582.966563
28.507068,40,584.056478
22.269936,40,585.154933
25.855302,40,592.461528
31.74297,40,593.607647
24.928873,40,594.720815
28.921831,40,595.799465
29.564532,40,596.945035
21.345757,40,598.070439
26.590974,40,599.224942
32.52442,40,600.378228
29.781489,40,601.472009
29.809078,40,602.591243
33.579194,40,603.679981
29.583501,40,604.827065
23.28392,40,606.09267
31.70396,40,607.300858
30.382276,40,608.477338
27.428102,40,609.725356
34.029001,40,610.946941
23.556775,40,612.106342
27.290826,40,613.348116
28.694342,40,614.520269
28.541424,40,615.570071
27.234308,40,616.69844
30.158682,40,617.817292
26.91981,40,618.979505
31.305716,40,620.298442
29.061261,40,621.468255
24.759714,40,622.647881
27.955094,40,623.782859
26.519071,40,624.915
25.507031,40,626.03638
34.513046,40,627.145905
26.984835,40,628.277556
30.831053,40,629.47809
35.931638,40,630.617766
33.019658,40,631.877911
21.333064,40,633.045962
32.438828,40,634.169025
31.074767,40,635.263556
28.201517,40,636.401059
27.968264,40,637.587862
28.956124,40,638.785946
33.226555,40,639.935894
31.249766,40,641.071636
26.870708,40,642.206203
30.126195,40,643.447265
28.82199,40,644.61836
29.734989,40,645.824464
30.143541,40,646.930271
28.816966,40,648.07074
29.51552,40,649.119974
28.729922,40,650.276481
32.379868,40,651.397688
26.859332,40,652.512363
18.927452,40,653.618462
28.839657,40,654.729203
34.129458,40,655.911909
25.189845,40,657.094001
22.973802,40,658.198278
28.871258,40,659.354448
27.701382,40,660.51809
29.962346,40,661.67868
22.792064,40,662.70822
32.288174,40,663.784212
26.94557,40,664.893719
27.531399,40,665.97687
22.388534,40,667.066847
30.649129,40,668.153544
28.148766,40,669.344472
21.195969,40,670.507603
25.074476,40,671.631871
28.119244,40,672.74757
30.071973,40,673.853773
20.52192,40,674.928967
28.331146,40,676.089806
27.218411,40,677.237155
24.980422,40,678.331957
30.445678,40,679.428367
27.293281,40,680.526182
20.232096,40,681.614907
23.231659,40,682.70759
24.591138,40,683.803519
29.103762,40,684.941586
29.854778,40,686.086987
32.780445,40,687.268371
28.121819,40,688.406273
25.395938,40,689.518406
29.684261,40,690.619643
22.433232,40,691.702516
24.650747,40,692.783824
30.413366,40,693.905579
31.878038,40,694.99049
23.497113,40,696.060901
24.424503,40,697.158319
27.416421,40,698.256698
29.252558,40,699.378083
28.304737,40,700.551425
28.617086,40,701.65077
32.035481,40,702.732452
34.021346,40,703.839428
23.82623,40,704.956384
28.05504,40,712.481793
30.330226,40,713.602634
20.21751,40,714.744654
32.520733,40,715.841494
26.119739,40,716.926025
27.112716,40,717.985709
28.071194,40,719.07307
21.082802,40,720.200167
26.395997,40,721.463582
30.244626,40,722.726755
24.911292,40,723.839021
18.816642,40,724.948506
33.933647,40,726.044775
24.570691,40,727.122508
24.103181,40,728.189134
25.30391,40,729.300427
27.574327,40,730.444859
27.93275,40,731.602977
28.021651,40,732.762416
26.805824,40,733.843342
27.068602,40,734.988464
25.520762,40,736.161752
24.94689,40,737.356866
22.10441,40,738.401269
27.897489,40,739.498518
26.568035,40,740.561563
31.29762,40,741.670779
27.684994,40,742.769026
32.181256,40,743.870165
28.065446,40,744.959352
29.775598,40,746.064176
28.877788,40,747.206767
23.909806,40,748.311936
26.538567,40,749.508364
28.801333,40,750.780975
25.808976,40,751.944614
32.138721,40,753.194331
25.483845,40,754.484501
26.111898,40,755.595341
29.952797,40,756.688483
26.799312,40,757.758314
25.743163,40,758.812823
25.45579,40,759.858245
26.18231,40,760.929937
27.969808,40,761.931987
33.260187,40,763.001583
25.899501,40,764.065784
29.183629,40,765.144431
28.90233,40,766.203153
31.551643,40,767.268375
29.405447,40,768.361101
28.669289,40,769.445869
29.988147,40,770.495369
29.469985,40,771.559386
28.907487,40,772.628017
22.693593,40,773.662483
24.340356,40,774.689632
27.207728,40,775.754404
30.65862,40,776.819525
25.202342,40,777.885
22.627137,40,778.956518
25.606091,40,780.023802
28.114546,40,781.091641
26.266279,40,782.173961
20.249036,40,783.295496
28.566286,40,784.367941
26.661315,40,785.433615
25.809644,40,786.521302
27.287531,40,787.589839
27.239985,40,788.587313
34.666221,40,789.667497
33.820166,40,790.744879
26.542492,40,791.814413
35.987596,40,792.877586
23.012338,40,793.935723
25.093656,40,795.006924
30.814411,40,796.06357
24.573944,40,797.124131
29.627171,40,798.189013
19.502748,40,799.258312
22.011056,40,800.336308
31.65686,40,801.400841
31.812965,40,802.404703
31.888887,40,803.47475
26.025382,40,804.540244
28.270422,40,805.542984
31.92012,40,806.614572
30.347914,40,807.681219
29.736791,40,808.740115
31.31348,40,809.811122
27.233163,40,810.863971
27.712478,40,811.887511
27.655512,40,812.912197
33.565116,40,813.97916
25.173233,40,815.044637
25.782629,40,816.116402
25.648602,40,817.189609
29.315757,40,818.264778
28.798874,40,819.342572
26.194367,40,820.404136
29.261143,40,827.557127
31.935812,40,828.568833
27.469505,40,829.640844
28.449541,40,830.706548
27.165773,40,831.781052
27.943876,40,832.849321
27.258063,40,833.914307
32.34603,40,834.976591
27.287287,40,836.040129
27.393512,40,837.141237
32.120961,40,838.194866
30.65144,40,839.233975
25.780187,40,840.308408
27.977626,40,841.380272
26.93012,40,842.432977
29.489857,40,843.455147
26.367553,40,844.495296
26.134513,40,845.557127
31.79933,40,846.627424
28.014194,40,847.673834
29.738759,40,848.737828
30.865693,40,849.812983
27.408165,40,850.864432
29.551705,40,851.927374
28.068843,40,852.96226
26.955197,40,854.03056
27.026852,40,855.100144
26.006195,40,856.164805
27.627974,40,857.211338
22.402803,40,858.270384
25.617145,40,859.32223
26.881014,40,860.387808
29.817822,40,861.454056
27.777799,40,862.512556
30.458744,40,863.520254
29.222585,40,864.586772
23.524757,40,865.651719
30.573628,40,866.7183
26.467821,40,867.785547
28.799272,40,868.787859
33.566087,40,869.861889
31.630662,40,870.940905
23.583598,40,872.017705
27.014629,40,873.140001
27.381575,40,874.20799
30.810368,40,875.333125
26.714644,40,876.400619
28.82276,40,877.46947
27.438319,40,878.524007
29.923521,40,879.59166
31.950886,40,880.712848
30.102483,40,881.895785
19.401692,40,882.988345
28.399108,40,884.1078
27.548529,40,885.212868
29.347589,40,886.295509
24.741096,40,887.432093
26.014339,40,888.540927
31.894681,40,889.650271
30.789467,40,890.745892
33.196757,40,891.817158
30.128208,40,893.067147
30.367987,40,894.19162
32.032871,40,895.261102
27.238012,40,896.332344
28.803336,40,897.399696
29.157876,40,898.475838
29.787645,40,899.542952
29.704076,40,900.60675
26.593476,40,901.676233
23.119349,40,902.740958
30.672882,40,903.793163
28.679069,40,904.856934
28.289001,40,905.902463
28.374833,40,906.972414
30.144648,40,908.03447
31.034458,40,909.097291
21.052449,40,910.167772
27.79583,40,911.242145
23.381166,40,912.310973
24.88619,40,913.379682
24.947766,40,914.441485
31.41673,40,915.518783
25.766241,40,916.591988
27.652174,40,917.659679
21.655538,40,918.717004
26.366908,40,919.833858
25.770046,40,920.908207
29.302625,40,921.994084
18.194691,40,923.063094
25.387318,40,924.132463
26.440209,40,925.197734
25.277458,40,926.258493
28.182537,40,927.31846
24.436846,40,928.382682
28.766335,40,929.453169
28.57212,40,930.523026
29.875661,40,931.594755
28.5234,40,932.592242
30.138944,40,933.65603
27.761221,40,940.823192
29.306474,40,941.89354
26.436972,40,942.952758
23.069046,40,944.019877
31.525024,40,945.086643
28.068878,40,946.155288
24.784729,40,947.221007
29.701529,40,948.287807
23.69823,40,949.357555
24.216167,40,950.418339
34.848881,40,951.492835
28.092953,40,952.485547
28.645972,40,953.560661
23.69247,40,954.627544
25.573917,40,955.693223
31.05714,40,956.756254
33.6705,40,957.821325
25.681598,40,958.887031
25.223751,40,959.960344
22.253634,40,961.005876
30.002344,40,962.072611
29.216,40,963.182294
27.505226,40,964.255937
31.988288,40,965.362334
27.406612,40,966.436392
26.610389,40,967.507674
28.687893,40,968.568865
27.773336,40,969.637952
24.267447,40,970.712421
29.410542,40,971.767948
27.558298,40,972.888474
22.502715,40,973.977811
27.87606,40,975.078653
26.887945,40,976.171427
32.110555,40,977.274734
30.648149,40,978.388923
29.713115,40,979.46586
29.827368,40,980.539987
20.863163,40,981.661156
21.677187,40,982.735676
19.579966,40,983.807693
31.161499,40,984.874117
29.523262,40,985.93751
31.29261,40,986.998845
28.527072,40,988.059828
32.768458,40,989.094011
22.349956,40,990.107342
28.624834,40,991.142423
25.935978,40,992.213942
28.40191,40,993.283513
26.930505,40,994.346833
27.527119,40,995.414888
29.171646,40,996.477496
30.073303,40,997.545636
28.696031,40,998.608395
29.932267,40,999.67097
30.412534,40,1000.754887
25.058375,40,1001.827836
29.228249,40,1002.895375
26.65301,40,1003.975367
31.008979,40,1005.041985
30.986695,40,1006.138583
31.7058,40,1007.199314
31.006093,40,1008.266322
26.235974,40,1009.335819
29.688857,40,1010.412671
24.697957,40,1011.537978
26.452621,40,1012.612239
22.785967,40,1013.683815
31.830756,40,1014.731843
33.893718,40,1015.804374
31.290034,40,1016.868985
27.659647,40,1017.937501
25.001951,40,1019.014368
26.680321,40,1020.093426
23.674846,40,1021.159872
31.187003,40,1022.199649
25.041586,40,1023.264899
28.620768,40,1024.336731
27.047163,40,1025.41036
32.374601,40,1026.471299
27.713943,40,1027.540619
33.621313,40,1028.64456
25.446103,40,1029.759095
31.362706,40,1030.893387
27.821922,40,1032.005406
29.45268,40,1033.102813
28.339105,40,1034.223776
30.326392,40,1035.339783
29.532234,40,1036.431682
27.826497,40,1037.530378
27.052099,40,1038.615043
25.937133,40,1039.651068
29.356316,40,1040.796333
28.644593,40,1041.92978
27.440831,40,1043.041961
22.651864,40,1044.138176
30.111635,40,1045.273162
34.236379,40,1046.426072
24.164184,40,1047.531644
28.382451,40,1055.301225
21.352827,40,1056.502978
28.91459,40,1057.671995
29.313371,40,1058.836735
22.493934,40,1059.899436
20.747967,40,1061.051567
27.779537,40,1062.205002
30.829863,40,1063.3209
30.560684,40,1064.451704
31.011985,40,1065.575089
26.473985,40,1066.87686
23.949561,40,1068.38837
30.473112,40,1069.73696
21.133786,40,1071.336399
28.639876,40,1072.782975
28.764544,40,1074.316106
25.47002,40,1075.660553
32.894868,40,1077.015087
24.913828,40,1078.310005
30.649023,40,1079.556934
30.76626,40,1080.628483
32.032476,40,1081.709077
33.96504,40,1082.779387
30.586108,40,1083.848504
29.432207,40,1084.962267
25.81543,40,1086.035657
29.01394,40,1087.117087
20.204162,40,1088.196026
26.861518,40,1089.269537
20.18204,40,1090.339809
25.863728,40,1091.441872
28.882259,40,1092.55029
28.54361,40,1093.661818
26.865316,40,1094.860563
21.363516,40,1095.931881
26.467979,40,1097.062748
23.489082,40,1098.137464
29.646867,40,1099.240956
29.401133,40,1100.3654
31.515085,40,1101.540421
26.587277,40,1102.648245
30.90159,40,1103.754143
30.142397,40,1104.869236
28.624305,40,1106.08801
26.252694,40,1107.276791
30.396238,40,1108.394674
30.091506,40,1109.530402
27.892774,40,1110.700903
23.905057,40,1111.834934
29.866657,40,1112.866055
30.449659,40,1113.963845
30.267991,40,1115.072573
18.173675,40,1116.194984
24.622557,40,1117.274431
25.643656,40,1118.355196
25.598107,40,1119.44472
27.636082,40,1120.559647
29.882067,40,1121.687206
28.294613,40,1122.774649
27.469272,40,1123.847038
27.43689,40,1124.914931
28.695731,40,1126.01991
24.604396,40,1127.120777
29.001087,40,1128.340489
31.037373,40,1129.550902
21.095037,40,1130.62745
27.532425,40,1131.749471
29.253527,40,1132.853229
26.248895,40,1134.081968
28.294311,40,1135.365824
30.067935,40,1136.53678
25.016336,40,1137.708168
25.751888,40,1138.828993
28.435852,40,1139.950831
27.468172,40,1141.076302
26.587771,40,1142.185058
27.139294,40,1143.304242
33.172696,40,1144.547968
27.511841,40,1145.710963
30.468725,40,1146.904393
25.885156,40,1148.089674
29.038133,40,1149.440296
28.104063,40,1150.794463
29.493276,40,1151.950352
23.970193,40,1153.088247
26.187973,40,1154.171835
31.503819,40,1155.267067
27.891918,40,1156.378066
24.925191,40,1157.520814
23.099225,40,1158.570601
33.70305,40,1159.67414
30.027309,40,1160.830672
30.343072,40,1162.068626
26.026834,40,1163.169641
30.455341,40,1164.27249
30.301868,40,1165.41121
29.164046,40,1166.503604
28.902369,40,1167.576929
26.393405,40,1168.706268
27.620648,40,1169.822296
29.201099,40,1177.204563
27.232822,40,1178.291033
28.938839,40,1179.378182
24.249827,40,1180.465721
31.297017,40,1181.536992
26.750467,40,1182.657101
29.140669,40,1183.74455
28.910274,40,1184.851604
29.20063,40,1185.95541
28.631555,40,1187.044556
27.809298,40,1188.134972
27.266777,40,1189.203063
22.639488,40,1190.271755
28.024069,40,1191.337693
29.069676,40,1192.443777
27.039768,40,1193.538364
26.687894,40,1194.630643
24.758529,40,1195.737794
25.978025,40,1196.825646
27.00417,40,1197.932955
23.400031,40,1199.01371
30.515805,40,1200.085613
30.054971,40,1201.202609
23.847251,40,1202.296984
30.24105,40,1203.374082
31.028435,40,1204.439631
28.431158,40,1205.518457
29.469299,40,1206.633278
28.49932,40,1207.660678
30.77985,40,1208.720948
30.595964,40,1209.807809
32.886039,40,1210.905751
26.93554,40,1211.996159
25.679951,40,1213.071473
27.345226,40,1214.244165
26.954332,40,1215.363139
27.947378,40,1216.48036
31.361346,40,1217.592015
25.212181,40,1218.609371
27.321149,40,1219.749976
27.947434,40,1220.865554
26.924353,40,1221.964444
27.284471,40,1223.076473
19.53404,40,1224.159533
27.622764,40,1225.317628
22.761646,40,1226.5665
32.304668,40,1227.794791
27.415408,40,1228.939889
19.013813,40,1230.059718
32.67175,40,1231.129687
27.575044,40,1232.235912
24.142513,40,1233.373288
32.06564,40,1234.489443
26.453322,40,1235.614652
30.894146,40,1236.745808
25.399307,40,1237.852937
32.003013,40,1238.959502
29.728791,40,1240.09736
32.323635,40,1241.35487
25.860905,40,1242.459387
20.079683,40,1243.701679
30.072267,40,1245.05211
30.317965,40,1246.378958
29.782612,40,1247.56787
29.0012,40,1248.739091
26.610067,40,1249.911235
29.152398,40,1251.023616
29.084656,40,1252.157963
23.961419,40,1253.267664
29.325597,40,1254.358764
22.683437,40,1255.452494
29.178225,40,1256.53846
26.935151,40,1257.656175
28.181535,40,1258.825511
32.118993,40,1260.004015
25.017286,40,1261.141542
27.746006,40,1262.245446
28.628923,40,1263.336721
28.539187,40,1264.428937
23.21012,40,1265.501891
27.607153,40,1266.599507
26.570981,40,1267.797076
28.279199,40,1268.924074
27.890344,40,1270.077744
20.336626,40,1271.222827
30.812043,40,1272.360481
27.193811,40,1273.501693
25.910392,40,1274.611407
27.304787,40,1275.723595
19.857651,40,1276.834004
27.900265,40,1277.943144
29.194085,40,1279.082878
29.732146,40,1280.234104
29.296649,40,1281.386718
26.495012,40,1282.506974
32.302242,40,1283.559935
24.77673,40,1284.700961
25.923737,40,1285.812037
25.799727,40,1286.902096
30.589249,40,1287.993132
26.492893,40,1295.446734
29.45801,40,1296.548209
21.66773,40,1297.65372
28.025711,40,1298.767213
29.210384,40,1299.868987
27.561089,40,1300.950979
26.711655,40,1302.045516
27.280103,40,1303.146805
28.845698,40,1304.231336
29.343981,40,1305.312002
24.521878,40,1306.388412
28.059212,40,1307.444572
32.523173,40,1308.565403
27.162474,40,1309.660537
13.213206,40,1310.761068
29.681847,40,1311.830796
20.726659,40,1312.980272
29.520921,40,1314.052041
30.201206,40,1315.142841
16.500501,40,1316.295639
25.198225,40,1317.406605
33.270343,40,1318.488959
33.060029,40,1319.573792
29.85406,40,1320.648915
28.381747,40,1321.746515
27.223383,40,1322.819903
16.845843,40,1323.935364
28.211276,40,1325.034655
28.951083,40,1326.149759
29.469744,40,1327.239922
26.70635,40,1328.302341
29.511609,40,1329.352754
24.188515,40,1330.419579
26.629204,40,1331.523325
28.404252,40,1332.619598
27.914857,40,1333.702178
28.618986,40,1334.830827
24.96405,40,1335.940792
26.164849,40,1337.018065
31.372478,40,1338.085
33.530677,40,1339.156939
28.394215,40,1340.274414
31.780896,40,1341.357127
25.741346,40,1342.451549
28.588425,40,1343.570163
25.924799,40,1344.673998
32.197602,40,1345.79635
21.560909,40,1347.003128
30.271273,40,1348.25477
29.504617,40,1349.393739
30.841623,40,1350.517744
18.616984,40,1351.602076
28.896448,40,1352.782878
29.104059,40,1353.942556
26.234444,40,1355.118419
28.786308,40,1356.254164
29.029468,40,1357.38924
29.030633,40,1358.487098
28.991969,40,1359.574793
29.689683,40,1360.698509
26.372586,40,1361.803216
29.712464,40,1362.893682
29.19827,40,1363.966985
26.851485,40,1365.039665
27.995894,40,1366.115846
23.165486,40,1367.184928
23.499784,40,1368.265065
26.043611,40,1369.35965
30.04214,40,1370.414382
31.140416,40,1371.491915
26.98582,40,1372.552095
25.313628,40,1373.625515
29.030748,40,1374.698734
25.308907,40,1375.778139
29.127756,40,1376.845453
30.027981,40,1377.923731
35.203132,40,1378.993442
27.684695,40,1380.062806
25.540104,40,1381.132832
24.301351,40,1382.1404
25.754937,40,1383.18805
24.217648,40,1384.261192
29.90048,40,1385.359445
30.442901,40,1386.499044
29.476859,40,1387.612516
20.733332,40,1388.714262
28.257342,40,1389.841817
26.057352,40,1390.95233
32.583397,40,1392.093373
30.264226,40,1393.147671
30.577282,40,1394.291082
30.512561,40,1395.396557
30.096838,40,1396.512324
26.310242,40,1397.619735
29.587337,40,1398.731345
31.5526,40,1399.809511
28.133686,40,1400.89352
29.77379,40,1401.985011
31.188587,40,1403.100856
25.245248,40,1404.257289
25.835169,40,1411.842241
25.754557,40,1412.934681
30.052956,40,1414.005397
25.05566,40,1415.158587
24.694795,40,1416.268666
28.641507,40,1417.386937
31.914774,40,1418.477461
32.811057,40,1419.51808
30.42919,40,1420.5513
27.407243,40,1421.58432
25.374704,40,1422.683222
26.93227,40,1423.817508
28.390843,40,1424.929184
31.113596,40,1426.054598
25.791996,40,1427.155402
24.543857,40,1428.227705
28.756969,40,1429.310782
24.780249,40,1430.384265
27.429332,40,1431.455989
28.795672,40,1432.525746
25.606645,40,1433.592576
23.42577,40,1434.64276
28.962979,40,1435.68186
28.170154,40,1436.765595
27.878747,40,1437.848809
25.571582,40,1438.906932
29.147651,40,1440.014892
27.841575,40,1441.103499
27.735484,40,1442.158098
29.356424,40,1443.248472
24.549014,40,1444.346575
23.995699,40,1445.431157
29.726279,40,1446.556969
23.539249,40,1447.677575
30.093921,40,1448.746552
26.710586,40,1449.783539
21.928893,40,1450.844399
28.079955,40,1451.925579
25.051409,40,1453.060442
27.073018,40,1454.218027
29.580306,40,1455.32856
28.53268,40,1456.41275
28.962038,40,1457.490039
31.269909,40,1458.55882
27.838454,40,1459.621865
24.234202,40,1460.706071
27.649339,40,1461.811376
33.300038,40,1462.877214
27.715748,40,1463.956052
24.556235,40,1464.997816
29.249117,40,1466.132575
23.644611,40,1467.221452
30.689849,40,1468.341827
29.934732,40,1469.449477
26.952042,40,1470.562053
30.07187,40,1471.654273
28.199442,40,1472.780836
33.398099,40,1473.856726
28.512177,40,1474.938586
31.424205,40,1476.053395
25.579716,40,1477.150948
28.329073,40,1478.232869
25.458082,40,1479.308083
30.186579,40,1480.439608
26.4539,40,1481.517778
27.251111,40,1482.605868
19.958652,40,1483.692707
27.065542,40,1484.800631
31.200918,40,1485.885357
27.230812,40,1487.017589
30.502038,40,1488.148865
27.977894,40,1489.259329
22.262797,40,1490.350702
31.834462,40,1491.432692
25.040663,40,1492.598318
32.890949,40,1493.73784
30.454078,40,1494.902325
32.092044,40,1496.010339
26.972112,40,1497.110039
33.016249,40,1498.217595
30.592883,40,1499.340991
29.323318,40,1500.534162
30.701702,40,1501.914424
29.338099,40,1503.074055
32.175804,40,1504.335729
28.614564,40,1505.523414
20.763006,40,1506.667222
32.483991,40,1507.784023
32.72211,40,1508.881403
27.010932,40,1509.967397
26.32955,40,1511.062495
27.035485,40,1512.173449
26.869922,40,1513.255897
32.112723,40,1514.358892
28.150484,40,1515.490034
24.14716,40,1516.662263
25.066712,40,1517.756512
29.348066,40,1518.826616
22.680088,40,1520.010343
26.640494,40,1521.13198
34.08369,40,1528.553551
28.192533,40,1529.626702
25.481699,40,1530.752847
30.010967,40,1531.844986
21.551362,40,1532.921249
25.619359,40,1533.988225
26.758079,40,1535.038648
30.628603,40,1536.109815
30.86604,40,1537.182037
28.831399,40,1538.257995
29.976619,40,1539.380105
33.162687,40,1540.489469
26.475656,40,1541.581876
25.316915,40,1542.68199
29.97757,40,1543.799488
28.859132,40,1544.913722
24.319876,40,1546.041363
22.075372,40,1547.171269
30.031485,40,1548.259209
30.3213,40,1549.384775
30.278506,40,1550.497344
34.525698,40,1551.587985
28.071132,40,1552.661208
29.638654,40,1553.783246
31.864954,40,1554.875235
32.907654,40,1555.967803
26.548997,40,1557.103835
35.337771,40,1558.155501
25.713924,40,1559.272197
28.253317,40,1560.411238
30.024243,40,1561.48254
32.12869,40,1562.564576
30.071558,40,1563.643762
24.024206,40,1564.734409
26.589723,40,1565.798149
29.300611,40,1566.893811
28.901371,40,1568.034662
24.120852,40,1569.147435
33.028816,40,1570.251405
25.101916,40,1571.374609
28.056175,40,1572.511987
27.93229,40,1573.621686
26.144026,40,1574.704255
33.068298,40,1575.806433
26.55529,40,1576.873446
27.203492,40,1577.929416
31.813539,40,1578.996871
24.139678,40,1580.063183
26.960272,40,1581.249948
29.603358,40,1582.358216
26.979079,40,1583.454211
26.031675,40,1584.574617
31.210905,40,1585.717372
29.481346,40,1586.862407
29.215164,40,1587.948577
26.149032,40,1589.075402
31.139933,40,1590.168951
28.940048,40,1591.284963
27.441876,40,1592.375317
28.349011,40,1593.466863
24.225809,40,1594.544058
28.199406,40,1595.612464
25.337165,40,1596.718816
28.379793,40,1597.865777
32.651848,40,1598.964058
29.907676,40,1600.041566
32.620683,40,1601.12594
27.57272,40,1602.175294
27.715223,40,1603.236398
28.853251,40,1604.303353
29.468506,40,1605.36868
26.336066,40,1606.461346
29.628005,40,1607.52711
27.78642,40,1608.604826
34.79609,40,1609.671425
27.97351,40,1610.742443
34.188206,40,1611.810442
27.492286,40,1612.87885
25.320538,40,1613.945263
31.260554,40,1615.003788
27.513953,40,1616.074536
23.369695,40,1617.133502
26.69146,40,1618.209745
28.670442,40,1619.26151
30.478389,40,1620.290181
26.18552,40,1621.330022
31.294792,40,1622.420463
30.758791,40,1623.474874
30.111833,40,1624.575054
30.45336,40,1625.693266
21.160576,40,1626.815159
28.185796,40,1627.957654
22.617205,40,1629.106267
21.395281,40,1630.230749
28.099318,40,1631.379627
27.976342,40,1632.488768
25.388783,40,1633.600139
34.366153,40,1634.690374
31.137684,40,1635.823038
32.666859,40,1636.923738
23.984364,40,1644.403531
29.975183,40,1645.447614
31.274463,40,1646.550907
31.218839,40,1647.691951
26.953887,40,1648.825696
30.456265,40,1649.941756
27.999815,40,1651.040658
27.452895,40,1652.142077
29.746589,40,1653.251904
25.185816,40,1654.332016
32.706887,40,1655.428554
25.454508,40,1656.508497
28.22677,40,1657.588137
28.890554,40,1658.672014
33.846516,40,1659.810146
28.282057,40,1660.944222
22.659627,40,1662.048942
30.587991,40,1663.18281
24.017761,40,1664.31708
21.207058,40,1665.422754
26.250367,40,1666.497285
25.455091,40,1667.550359
24.339073,40,1668.602679
27.178278,40,1669.666753
26.310185,40,1670.771054
23.802892,40,1671.907653
28.126519,40,1672.992881
30.943076,40,1674.117466
24.095294,40,1675.23785
28.549872,40,1676.355241
29.162416,40,1677.443315
25.362958,40,1678.546032
25.635144,40,1679.641259
25.910872,40,1680.732591
27.429819,40,1681.871086
32.08085,40,1682.995502
28.366506,40,1684.128485
29.974687,40,1685.277597
27.890611,40,1686.413053
31.145317,40,1687.638201
23.987064,40,1688.836541
27.169077,40,1689.950098
27.122328,40,1691.058813
25.472617,40,1692.165898
27.697796,40,1693.2626
22.22041,40,1694.313376
28.177379,40,1695.3867
31.901646,40,1696.459766
33.469676,40,1697.540266
21.376637,40,1698.629318
28.943747,40,1699.720094
18.618195,40,1700.882646
28.735438,40,1701.99104
28.126743,40,1703.063985
27.396597,40,1704.198166
32.11285,40,1705.346596
24.979295,40,1706.436545
25.9282,40,1707.510139
21.398018,40,1708.608191
29.695106,40,1709.691865
30.761573,40,1710.802238
28.276192,40,1711.859867
29.167799,40,1712.910287
30.094301,40,1714.026
28.355934,40,1715.127747
28.749455,40,1716.214998
28.949009,40,1717.290592
23.587168,40,1718.329662
24.624445,40,1719.415099
31.628305,40,1720.510208
24.199164,40,1721.618543
24.235829,40,1722.650192
26.535652,40,1723.749859
29.118347,40,1724.853729
27.25933,40,1725.968613
30.213422,40,1727.170465
32.024136,40,1728.442421
21.191515,40,1729.54791
30.167889,40,1730.609868
28.094433,40,1731.728153
27.573089,40,1732.796701
22.325929,40,1733.868935
31.605922,40,1734.941738
24.20876,40,1736.072991
31.597612,40,1737.218867
27.414199,40,1738.314699
30.012635,40,1739.40817
27.269068,40,1740.474022
23.704473,40,1741.593106
21.572927,40,1742.6461
25.578827,40,1743.722223
25.805247,40,1744.795708
34.322926,40,1745.873024
28.722401,40,1746.960099
30.205033,40,1748.043409
27.627268,40,1749.136225
23.087343,40,1750.216376
31.565067,40,1751.309479
21.383374,40,1752.411594
30.671041,40,1753.511271
29.058757,40,1760.839896
33.617435,40,1761.902924
27.127133,40,1762.968709
31.580162,40,1764.0176
32.818467,40,1765.070882
28.567628,40,1766.146955
19.954765,40,1767.155585
30.114236,40,1768.24555
32.441389,40,1769.359579
31.453115,40,1770.447394
31.416532,40,1771.586361
29.066742,40,1772.765504
30.673033,40,1773.9043
29.191898,40,1775.0041
30.597389,40,1776.093429
29.324549,40,1777.221017
31.640625,40,1778.333897
28.453008,40,1779.418023
20.377373,40,1780.499297
31.709981,40,1781.563609
29.986029,40,1782.703282
27.639984,40,1783.757025
27.479191,40,1784.837544
32.361741,40,1785.926087
25.864438,40,1787.020148
25.053821,40,1788.131779
30.267138,40,1789.228747
30.290426,40,1790.351835
28.034939,40,1791.415856
30.151701,40,1792.469973
29.487066,40,1793.523287
29.760812,40,1794.602129
25.644498,40,1795.702113
30.52042,40,1796.78203
31.431057,40,1797.850723
29.177637,40,1798.954231
32.482213,40,1800.036185
28.665804,40,1801.148518
28.985049,40,1802.2829
33.03204,40,1803.372729
31.486544,40,1804.489932
30.825507,40,1805.617757
34.321388,40,1806.645732
23.79958,40,1807.793359
29.643446,40,1808.898639
31.495851,40,1809.990389
32.222759,40,1811.110582
30.99721,40,1812.221079
23.127888,40,1813.240121
26.599855,40,1814.297455
25.352745,40,1815.425801
30.509055,40,1816.520268
29.429228,40,1817.623456
25.844458,40,1818.726674
27.279536,40,1819.863026
25.903283,40,1820.962825
27.608828,40,1822.07853
29.868614,40,1823.218097
29.850381,40,1824.337919
28.949578,40,1825.421827
28.340685,40,1826.549805
28.807942,40,1827.657001
26.843169,40,1828.781523
29.170298,40,1829.869402
26.711904,40,1830.958124
30.38312,40,1832.053988
23.434475,40,1833.135767
26.273235,40,1834.26457
31.906911,40,1835.342058
27.000361,40,1836.427095
31.55957,40,1837.499061
23.872991,40,1838.607796
26.985081,40,1839.707398
27.138772,40,1840.737154
24.929668,40,1841.849417
28.784815,40,1842.956153
25.275621,40,1844.082704
28.931597,40,1845.201916
28.278303,40,1846.281354
27.106078,40,1847.378258
33.211175,40,1848.496338
22.332687,40,1849.600927
25.551889,40,1850.701452
32.005519,40,1851.78604
28.462641,40,1852.871055
27.772072,40,1854.036035
25.773541,40,1855.170662
30.627704,40,1856.285746
26.521854,40,1857.398833
21.104817,40,1858.535612
22.274235,40,1859.631176
25.903161,40,1860.752827
29.416362,40,1861.858099
26.646072,40,1862.977799
25.464748,40,1864.065004
24.174783,40,1865.088376
27.179216,40,1866.202637
27.447495,40,1867.282027
22.583216,40,1868.477568
26.349123,40,1869.717875
29.90874,40,1877.111041
31.94747,40,1878.182728
32.634554,40,1879.272827
25.385669,40,1880.340253
24.367725,40,1881.427915
26.937914,40,1882.443322
24.032293,40,1883.541788
21.798837,40,1884.702045
30.195183,40,1885.811389
28.952018,40,1886.972661
25.648998,40,1888.152219
29.296667,40,1889.247762
27.397355,40,1890.339137
27.790271,40,1891.458523
23.420717,40,1892.561885
26.349022,40,1893.677161
26.916052,40,1894.807235
26.273196,40,1895.906499
28.341522,40,1897.007689
24.896378,40,1898.114985
25.653956,40,1899.294619
29.682905,40,1900.352727
25.384657,40,1901.420206
26.946521,40,1902.509838
23.474407,40,1903.619287
27.006378,40,1904.725621
28.336096,40,1905.859144
23.181264,40,1906.915795
27.239876,40,1908.036791
22.105919,40,1909.173843
18.524393,40,1910.316886
27.759346,40,1911.406168
31.603483,40,1912.47929
30.991516,40,1913.537364
28.692675,40,1914.578452
29.099186,40,1915.712072
33.0607,40,1916.836602
24.538987,40,1917.905144
33.391251,40,1918.98704
25.797816,40,1920.046331
30.115849,40,1921.107424
32.205936,40,1922.219438
23.431483,40,1923.315454
30.529872,40,1924.407512
27.387179,40,1925.461364
28.127886,40,1926.549113
28.109196,40,1927.705647
31.91542,40,1928.783397
25.951838,40,1929.84749
29.000316,40,1930.982362
25.055372,40,1932.078769
31.359644,40,1933.171881
28.749823,40,1934.260933
29.065417,40,1935.369671
31.840378,40,1936.489506
25.762691,40,1937.613558
28.106031,40,1938.728763
21.403704,40,1939.823658
24.904618,40,1940.993821
27.829094,40,1942.112641
28.797982,40,1943.282278
29.722874,40,1944.502994
27.555696,40,1945.616701
29.004564,40,1946.728713
30.893494,40,1947.902866
27.841229,40,1949.155107
26.206816,40,1950.310499
29.631601,40,1951.420209
32.172797,40,1952.529825
28.059725,40,1953.639192
35.346126,40,1954.748657
29.090767,40,1955.865736
30.78301,40,1956.956267
29.076355,40,1958.05818
19.264296,40,1959.190065
27.781095,40,1960.323479
27.861084,40,1961.4588
27.171497,40,1962.551681
30.288096,40,1963.677896
25.121557,40,1964.785363
30.742527,40,1965.902713
23.951077,40,1967.011876
26.230123,40,1968.120935
30.433572,40,1969.198114
25.627537,40,1970.299766
30.050068,40,1971.393282
24.627342,40,1972.522331
32.784475,40,1973.635886
27.60094,40,1974.749429
22.142546,40,1975.845454
29.112207,40,1976.928685
27.026102,40,1978.088435
32.359641,40,1979.179314
26.798312,40,1980.266846
28.086253,40,1981.388036
30.266108,40,1982.474646
27.507497,40,1983.554463
30.055885,40,1984.632735
26.323408,40,1985.739745
26.048759,40,1986.822006
29.325006,40,1994.252705
29.694793,40,1995.321471
30.093831,40,1996.395391
26.032705,40,1997.485654
26.625773,40,1998.601919
24.963148,40,1999.716538
33.819265,40,2000.796565
28.515782,40,2001.843263
28.458034,40,2002.988951
26.037614,40,2004.130509
26.663655,40,2005.199935
26.141821,40,2006.289397
29.44204,40,2007.408175
27.796018,40,2008.483359
22.734097,40,2009.551361
24.877283,40,2010.64825
25.070709,40,2011.661796
26.363324,40,2012.756722
33.943361,40,2013.845247
27.105067,40,2014.937875
20.800498,40,2016.013943
32.448318,40,2017.020615
28.609509,40,2018.112593
26.238789,40,2019.213193
32.063667,40,2020.321439
22.58919,40,2021.442546
28.457685,40,2022.579176
27.903162,40,2023.679282
30.479101,40,2024.764931
22.640224,40,2025.832856
28.414608,40,2026.909708
33.20544,40,2028.007424
32.70117,40,2029.092828
34.530006,40,2030.202627
25.616792,40,2031.294423
27.184819,40,2032.394007
26.590106,40,2033.581995
26.074658,40,2034.643333
29.741678,40,2035.797884
29.485224,40,2036.896336
28.179526,40,2038.000691
31.996819,40,2039.034547
28.454437,40,2040.100315
28.958607,40,2041.188497
25.594531,40,2042.281028
30.86291,40,2043.372044
26.853208,40,2044.448582
30.386509,40,2045.577066
31.789782,40,2046.66601
26.448676,40,2047.798113
27.312821,40,2048.917111
32.874373,40,2050.019269
27.816861,40,2051.148368
32.268633,40,2052.247666
31.898897,40,2053.341728
23.074696,40,2054.434124
31.13562,40,2055.506166
30.14776,40,2056.57895
31.082647,40,2057.698673
24.2992,40,2058.73998
31.45739,40,2059.876023
30.799562,40,2060.925802
27.645695,40,2061.98297
30.404702,40,2063.077425
25.72635,40,2064.191225
31.110904,40,2065.33428
27.947553,40,2066.616432
28.71207,40,2067.769103
30.638552,40,2068.900784
22.11429,40,2070.047295
25.442187,40,2071.217236
30.303584,40,2072.350044
23.323779,40,2073.547199
28.936753,40,2074.715656
26.682595,40,2075.865755
31.179458,40,2076.987321
29.29918,40,2078.223785
29.143429,40,2079.399203
30.373821,40,2080.51286
22.921859,40,2081.613363
26.918907,40,2082.687275
29.28912,40,2083.71534
28.538691,40,2084.842462
34.24889,40,2085.952762
27.910489,40,2087.069918
20.117983,40,2088.204394
27.19076,40,2089.328959
29.374749,40,2090.522128
28.222899,40,2091.655946
20.993827,40,2092.741655
28.412311,40,2093.816165
26.791324,40,2094.954599
29.434122,40,2096.131124
27.487814,40,2097.287337
32.482055,40,2098.414374
29.807345,40,2099.515971
33.124378,40,2100.714447
23.83576,40,2101.900342
22.777995,40,2103.03143
23.788132,40,2104.14688
28.197897,40,2111.759726
27.318562,40,2112.869676
31.345026,40,2113.987273
28.318806,40,2115.070852
26.557998,40,2116.100945
27.571574,40,2117.222876
25.932496,40,2118.344486
24.991507,40,2119.514014
30.374643,40,2120.552139
25.214726,40,2121.646561
26.367741,40,2122.798483
29.168379,40,2123.974972
25.47883,40,2125.086684
29.208433,40,2126.294276
30.021269,40,2127.437136
32.640577,40,2128.53929
32.395463,40,2129.551362
29.172986,40,2130.62958
24.878204,40,2131.746104
22.931255,40,2132.866934
27.200985,40,2133.987878
30.683614,40,2135.122367
30.040139,40,2136.227645
29.882708,40,2137.328857
25.553317,40,2138.399277
22.976275,40,2139.490077
28.679488,40,2140.578979
27.003128,40,2141.652111
24.559762,40,2142.725179
32.531631,40,2143.786378
23.170481,40,2144.874165
28.229351,40,2145.952703
25.446924,40,2147.017757
28.687622,40,2148.075394
29.777945,40,2149.135343
25.708835,40,2150.217324
28.682151,40,2151.297101
29.714905,40,2152.377064
22.998338,40,2153.462751
28.72675,40,2154.57957
26.350252,40,2155.682869
27.037969,40,2156.829884
28.135105,40,2157.962121
28.858607,40,2159.091122
23.945038,40,2160.185304
29.523915,40,2161.301071
29.322982,40,2162.457584
28.737067,40,2163.540094
25.402194,40,2164.683341
24.754693,40,2165.811507
27.673412,40,2166.932813
27.376165,40,2168.070782
24.402611,40,2169.197458
29.073675,40,2170.323875
28.68287,40,2171.425503
24.890761,40,2172.553902
24.649181,40,2173.737612
30.227417,40,2174.887622
21.145196,40,2176.016878
22.026076,40,2177.300642
26.524688,40,2178.452295
30.760931,40,2179.58297
28.832893,40,2180.670986
34.870558,40,2181.789833
31.689906,40,2182.915415
29.004922,40,2184.044804
28.998528,40,2185.17437
20.483058,40,2186.244361
34.190969,40,2187.332194
29.47776,40,2188.429521
19.202112,40,2189.523138
27.513167,40,2190.625866
27.513414,40,2191.745095
27.486314,40,2192.916613
25.215973,40,2193.999963
26.041498,40,2195.169653
29.170412,40,2196.312912
32.306971,40,2197.415869
30.065057,40,2198.52165
29.312553,40,2199.590048
30.172275,40,2200.628159
30.641163,40,2201.739469
26.001613,40,2202.868263
30.752325,40,2204.025416
23.970141,40,2205.094278
27.223274,40,2206.220209
29.074407,40,2207.333458
21.603649,40,2208.500215
27.013319,40,2209.530569
20.054528,40,2210.703642
26.318482,40,2211.798004
34.138823,40,2212.890013
29.709859,40,2214.02914
28.375098,40,2215.211586
31.327051,40,2216.301244
28.340742,40,2217.43835
25.922515,40,2218.532491
32.436224,40,2219.668969
31.394416,40,2220.803725
30.502954,40,2221.918047
25.995434,40,2229.392569
29.923641,40,2230.449389
24.234314,40,2231.537688
30.583164,40,2232.678304
25.832232,40,2233.790407
28.444281,40,2234.932354
25.887961,40,2236.069855
29.208174,40,2237.203378
26.268529,40,2238.334781
28.083022,40,2239.459085
26.198779,40,2240.567919
27.480768,40,2241.716759
32.412108,40,2242.841857
30.127887,40,2243.97047
24.718324,40,2245.165858
27.660844,40,2246.31997
28.160693,40,2247.496542
25.507192,40,2248.627719
23.577112,40,2249.840605
34.900638,40,2251.009214
30.20962,40,2252.288988
26.954735,40,2253.522427
26.258067,40,2254.786441
27.801817,40,2256.000333
30.07811,40,2257.095995
30.832095,40,2258.252005
21.014384,40,2259.408221
29.379714,40,2260.550477
32.607667,40,2261.719629
27.338915,40,2262.90258
31.558549,40,2264.056589
23.863926,40,2265.190211
32.846533,40,2266.374218
23.269577,40,2267.497291
26.66485,40,2268.739363
27.562633,40,2269.892251
26.768734,40,2271.015988
30.538721,40,2272.156046
31.046031,40,2273.268283
30.719376,40,2274.403261
21.829487,40,2275.505284
27.909017,40,2276.587274
30.39198,40,2277.667707
18.361657,40,2278.751301
24.565393,40,2279.896443
27.101811,40,2281.13699
23.876741,40,2282.239077
25.51836,40,2283.310046
30.895415,40,2284.389557
21.665363,40,2285.629941
26.640474,40,2286.890905
21.31414,40,2288.294337
30.042151,40,2289.516944
29.180868,40,2290.652933
29.228708,40,2291.702257
26.27751,40,2292.83446
32.966705,40,2293.954102
27.403456,40,2295.08372
34.34154,40,2296.211072
32.992659,40,2297.372914
29.987101,40,2298.462004
25.227899,40,2299.658108
26.804904,40,2300.813409
23.527275,40,2301.903438
25.504747,40,2303.005717
20.624396,40,2304.029966
20.706699,40,2305.125536
28.580573,40,2306.229171
30.259752,40,2307.31004
30.484315,40,2308.418621
29.636398,40,2309.581723
18.681008,40,2310.677872
28.501176,40,2311.741608
25.276425,40,2312.938765
24.862529,40,2314.136356
33.890662,40,2315.408409
26.123327,40,2316.607211
31.501509,40,2317.680549
28.593815,40,2318.8073
23.443035,40,2319.917196
26.162502,40,2321.032111
26.18467,40,2322.147695
29.718084,40,2323.30703
30.594259,40,2324.416502
31.444196,40,2325.5308
31.97313,40,2326.642158
29.250708,40,2327.794546
28.524588,40,2328.868567
30.238273,40,2330.025562
28.687163,40,2331.166998
24.387084,40,2332.202822
28.572819,40,2333.363769
28.668452,40,2334.510628
29.617244,40,2335.626598
29.85436,40,2336.827215
27.889861,40,2337.926371
28.42485,40,2339.046871
25.386059,40,2340.085768
26.989739,40,2341.152792
34.651838,40,2342.252857
23.177823,40,2349.808596
29.630356,40,2351.003211
21.855456,40,2352.124754
27.468782,40,2353.26836
22.436832,40,2354.397262
27.387835,40,2355.56973
28.540383,40,2356.616539
34.955355,40,2357.697206
27.16665,40,2358.770933
21.118305,40,2359.87772
24.772008,40,2360.988676
27.139536,40,2362.15417
27.801996,40,2363.404624
26.659265,40,2364.5875
22.910814,40,2365.677531
27.234052,40,2366.790371
29.414564,40,2367.881503
27.154542,40,2368.98943
27.161706,40,2370.099179
29.548639,40,2371.219192
28.164259,40,2372.31483
30.323304,40,2373.40166
25.958983,40,2374.487765
29.991635,40,2375.625956
28.550465,40,2376.818426
30.794574,40,2377.945156
31.689549,40,2379.080362
30.473095,40,2380.200892
28.313908,40,2381.320011
29.152347,40,2382.434144
26.538635,40,2383.57644
32.189706,40,2384.697972
19.972393,40,2385.847885
27.521924,40,2386.928674
27.761698,40,2388.044097
28.723551,40,2389.171879
30.27397,40,2390.281376
28.56712,40,2391.397706
23.246742,40,2392.517988
26.120925,40,2393.619475
32.562724,40,2394.686364
25.830366,40,2395.807626
23.652789,40,2396.927089
27.372916,40,2398.031432
25.234953,40,2399.16089
29.502304,40,2400.29566
28.596136,40,2401.445938
28.197165,40,2402.594446
23.982623,40,2403.683616
24.827797,40,2404.824348
29.54583,40,2405.939623
30.164241,40,2407.06288
27.020289,40,2408.194105
29.867337,40,2409.3426
27.051251,40,2410.520782
30.311644,40,2411.65987
23.783169,40,2412.772524
22.586141,40,2413.831038
30.183043,40,2414.894304
32.248115,40,2416.009202
32.685523,40,2417.088795
24.404735,40,2418.196682
23.064097,40,2419.303119
25.223888,40,2420.345651
27.837387,40,2421.426054
25.464516,40,2422.51333
30.585682,40,2423.63263
31.354625,40,2424.701027
27.62952,40,2425.799228
25.657451,40,2426.883434
25.553186,40,2427.956712
27.194274,40,2429.043961
27.939283,40,2430.178124
34.154535,40,2431.278193
20.485722,40,2432.377309
29.268904,40,2433.471211
29.877181,40,2434.615422
27.633065,40,2435.726713
31.628107,40,2436.750192
24.777426,40,2437.821254
28.314149,40,2438.885121
26.963647,40,2439.953085
28.433112,40,2441.045104
31.78633,40,2442.150482
27.546832,40,2443.225749
31.334956,40,2444.3354
24.323097,40,2445.417415
26.208171,40,2446.588289
28.593959,40,2447.751216
28.723371,40,2448.886508
28.216737,40,2450.002574
20.838312,40,2451.095554
23.261964,40,2452.18908
31.136822,40,2453.284793
27.157722,40,2454.373736
26.021786,40,2455.473508
25.503677,40,2456.569205
27.153846,40,2457.69769
26.514478,40,2458.827269
28.159911,40,2459.999176
23.145439,40,2467.439852
23.329644,40,2468.55052
23.775023,40,2469.641038
30.985784,40,2470.76561
29.39653,40,2471.850131
34.231483,40,2472.908363
22.508193,40,2474.022642
24.492755,40,2475.135113
30.067236,40,2476.261373
24.396399,40,2477.319145
29.261581,40,2478.421409
28.300132,40,2479.509857
24.857784,40,2480.559902
30.499844,40,2481.641157
25.744149,40,2482.732367
25.7072,40,2483.806068
32.444764,40,2484.918136
25.781739,40,2485.9705
30.340471,40,2487.105556
30.812039,40,2488.208149
29.555381,40,2489.312224
28.859256,40,2490.391749
25.536625,40,2491.530842
29.090634,40,2492.678691
33.449537,40,2493.767355
27.297711,40,2494.837023
30.787207,40,2495.887211
31.675193,40,2496.992382
24.399573,40,2498.136536
25.783859,40,2499.251375
26.56196,40,2500.429992
28.097293,40,2501.530901
29.685095,40,2502.6536
26.581176,40,2503.833801
32.472854,40,2504.998526
27.75371,40,2506.239804
27.958311,40,2507.398931
30.608385,40,2508.575541
24.283275,40,2509.743505
27.589805,40,2510.872721
26.515815,40,2512.01014
30.43079,40,2513.054052
27.688479,40,2514.156154
29.836175,40,2515.26497
32.049723,40,2516.408067
20.434089,40,2517.571081
27.595037,40,2518.725086
35.977305,40,2519.880282
29.663129,40,2521.025632
26.785073,40,2522.189408
26.097098,40,2523.228784
29.349586,40,2524.346559
29.914336,40,2525.476688
25.696281,40,2526.624171
32.4966,40,2527.725
27.56025,40,2528.873161
20.386007,40,2529.983494
30.498074,40,2531.117404
33.939163,40,2532.28055
27.8302,40,2533.406364
30.397798,40,2534.597416
23.474228,40,2535.762138
29.348034,40,2536.965592
29.357109,40,2538.249033
28.267623,40,2539.483126
31.467495,40,2540.717301
28.638268,40,2541.942109
29.249332,40,2543.16361
26.07173,40,2544.474205
30.192069,40,2545.654959
28.810484,40,2546.813003
24.803831,40,2547.951042
26.202769,40,2549.121582
29.833937,40,2550.344945
31.028312,40,2551.504192
27.211654,40,2552.582096
24.52774,40,2553.662936
24.253687,40,2554.789657
25.038528,40,2555.955708
27.233119,40,2557.149842
27.735099,40,2558.384265
28.947383,40,2559.657133
21.429825,40,2560.876074
26.478526,40,2562.082562
24.144862,40,2563.176522
23.380491,40,2564.356155
29.349658,40,2565.571867
20.263272,40,2566.812143
27.88494,40,2567.972016
35.184641,40,2569.203656
28.302954,40,2570.347447
27.342888,40,2571.495423
28.259976,40,2572.647267
26.507239,40,2573.829407
33.6411,40,2574.970955
29.322564,40,2576.10889
28.209288,40,2577.257678
31.526876,40,2578.513149
28.783003,40,2579.78644
30.512249,40,2580.899583
29.545202,40,2589.030687
24.441959,40,2590.304915
28.799503,40,2591.525518
31.255067,40,2592.77987
26.598691,40,2594.045794
29.11727,40,2595.22504
26.682311,40,2596.346113
